{
    "rmse": 0.6920843594280193,
    "mae": 0.5506099946163644,
    "r2": 0.2675015131290842
}