{
    "rmse": 0.7173027083504271,
    "mae": 0.5580363796320374,
    "r2": 0.22650629924460697
}